"ID","Count","Topic"
136086,8,"ror"
136091,20,"honeybadger"
136095,6,"hostname"
136113,10,"ssh"
136114,46,"adding"
136119,21,"fyi"
136142,23,"facebook"
136145,71,"delivered"
136151,20,"300"
136162,10,"css"
136165,10,"sidekiq"
136173,22,"skype"
136180,10,"startups"
136181,68,"having"
136201,36,"usa"
136207,19,"backend"
136213,14,"username"
136217,6,"endpoint"
136218,77,"feedback"
136221,9,"screenshots"
136226,15,"linkedin"
136228,20,"config"
136233,10,"javascript"
136240,16,"let's"
136241,69,"blog"
136257,165,"devkota"
136270,8,"520"
136275,82,"saroj"
136276,19,"uploaded"
136286,6,"ceo"
136297,9,"hosted"
136304,75,"maharjan"
136324,42,"deployed"
136326,10,"microsoft"
136335,6,"2015"
136352,22,"i'd"
136354,40,"unsubscribe"
136388,9,"iphone"
136389,256,"2016"
136394,25,"we'd"
136416,10,"switched"
136435,55,"asap"
136447,7,"preventing"
136506,7,"networking"
136509,9,"1996"
136510,12,"2000"
136520,15,"ext"
136526,7,"p.m"
136566,171,"shapiro"
136575,10,"3rd"
136621,9,"discussed"
136654,10,"200"
136685,6,"175"
136716,11,"btw"
136751,7,"emailed"
136786,8,"linux"
136809,10,"sql"
136821,68,"pokhrel"
136824,7,"pkwy"
136879,55,"pokharel"
136989,7,"webinar"
137060,9,"html"
137070,30,"100"
137085,6,"sean"
137098,14,"anymore"
137111,6,"aug 4"
137139,32,"nov"
137143,7,"9am"
137171,7,"the google"
137202,25,"clicking"
137253,8,"a.m"
137356,9,"criteria"
137361,17,"dnc"
137369,11,"350"
137427,6,"1.5"
137460,6,"defaulting"
137487,13,"dont"
137519,6,"aug 11"
137529,8,"kirkland"
137533,8,"recruiting"
137553,18,"april 1st"
137623,27,"oct"
137778,12,"checking"
137811,12,"i.e"
137862,18,"may 1st"
137901,13,"400"
137960,10,"answered"
137975,8,"183"
138138,10,"may 18"
138264,7,"encrypted"
138336,9,"jul 28"
138439,17,"sharma"
138480,11,"displaying"
138498,50,"sushil"
138527,8,"1pm"
138536,6,"october 31"
138617,12,"303"
138672,8,"10 minutes"
138900,6,"14th"
138982,7,"december 15"
139147,14,"san francisco ca"
139346,15,"sms"
139357,8,"june 21"
139369,7,"august 25"
139372,7,"aug"
139429,9,"june 26"
139472,6,"jul 5"
139474,6,"september 15"
139520,10,"30 days"
139539,7,"nov 23"
139543,9,"san francisco"
139609,8,"aug 24"
139610,12,"august 24"
139786,7,"jul 27"
139809,27,"lamichhane"
139845,7,"700"
139929,6,"ltd"
140138,7,"11am"
140143,6,"10am"
140180,10,"sweeney"
140342,6,"berman"
140374,18,"goldberg"
140446,18,"nov 22"
140447,20,"november 22"
140451,104,"gagan"
140508,10,"october 26"
140565,6,"248"
140572,6,"july 19"
140624,6,"google docs"
140674,13,"535"
140699,6,"october 19"
140756,7,"march 11"
140968,8,"aug 3"
141013,11,"dialed"
141149,6,"realtime"
141181,21,"functionality"
141183,112,"ios"
141202,9,"aug 25"
141236,7,"may 30"
141264,9,"847"
141296,11,"handoff"
141388,10,"the r"
141503,6,"experimenting"
141531,6,"october 11"
141554,26,"ids"
141718,10,"the ceo"
141774,90,"2nd half"
142173,13,"atlassian"
142175,11,"pty ltd"
142176,11,"341"
142177,11,"nsw"
142180,16,"postgresql"
142185,13,"dns"
142378,7,"cst"
142584,11,"popup"
142604,18,"hellosign"
142622,17,"timestamp"
142642,7,"february 15"
142691,6,"august 19"
142761,6,"november 14"
142763,7,"oct 26"
142865,9,"spf"
142871,7,"september 30"
142874,37,"crm"
142930,14,"timeout"
142931,10,"nginx"
142939,9,"callbacks"
142941,8,"voip"
142951,7,"google analytics"
142976,11,"dropdown"
142981,9,"the db"
142995,6,"timezone"
142999,8,"google sheets"
143028,8,"mysql"
143082,7,"3.0"
143147,9,"jira"
143185,7,"microsoft corporation"
143187,15,"redmond"
143220,13,"clicked"
143302,7,"september 29"
143317,9,"may 17"
143334,6,"february 23"
143414,21,"invision"
143461,12,"downloaded"
143483,22,"june 1st"
143523,13,"may 16"
143554,7,"chmod"
143565,7,"may 10"
143712,6,"june 22"
143784,10,"user id"
144145,8,"6th ave"
144195,6,"july 28"
144485,6,"sep 2"
144752,6,"aug 8"
144992,6,"aug 19"
145235,27,"security"
145452,245,"eng"
145742,6,"156"
145982,6,"google play"
146075,7,"wiki"
146132,9,"july 27"
146706,7,"twilio"
146781,7,"resize"
146927,6,"ssl"
147395,6,"src"
147757,6,"extracting"
147775,6,"algo"
147944,6,"aha"
148510,17,"may 2nd"
148696,13,"capistrano"
148722,7,"110"
149151,8,"softphone"
149320,11,"backup"
149376,12,"whitelist"
149586,18,"ftp server"
149652,6,"caller id"
149935,6,"scoreboard"
150019,44,"ftp"
150147,8,"sbc"
150395,6,"comcast"
150575,12,"195"
150689,10,"emea"
151256,7,"256"
151348,12,"rollback"
151396,8,"jruby"
151417,17,"bioinformatics"
151965,23,"runscope"
152063,6,"aug 9"
152149,13,"aug 17"
152222,8,"aug 22"
152591,68,"nirajan"
152770,6,"100000"
153316,82,"sftp"
153320,6,"filtering"
153668,13,"whitelisting"
154214,8,"auth"
155496,8,"hipaa"
155950,10,"amazon cloudwatch"
156114,6,"yaml"
156175,19,"bellevue"
156226,377,"2017"
156229,7,"google"
156230,18,"google inc"
156231,18,"1600"
156234,14,"bitbucket"
156235,298,"cto"
156236,137,"i’m"
156242,171,"shrestha"
156243,131,"don’t"
156245,13,"rds"
156246,64,"aws"
156249,28,"feb"
156250,11,"startup"
156253,9,"2nd"
156257,10,"webapp"
156258,15,"repo"
156260,9,"one microsoft way"
156261,35,"postgres"
156266,115,"1st"
156269,58,"json"
156296,194,"incontact"
156301,7,"ddos attack"
156302,10,"apac"
156307,8,"sonus"
156309,8,"broadsoft"
156311,6,"may 25th"
156326,10,"datapoint"
156328,193,"etan"
156329,8,"844"
156330,7,"556"
156332,51,"westover"
156335,10,"udell"
156345,135,"justin mcdonald"
156346,10,"ftp site"
156348,8,"st cloud mn"
156351,238,"rowell"
156352,173,"paulus"
156355,6,"zendesk"
156359,14,"tcpa"
156363,12,"isakov"
156365,6,"defaulted"
156375,18,"callback"
156386,25,"andrew weiss"
156405,6,"crowder"
156412,19,"monit"
156416,7,"june 29"
156417,7,"whitepages"
156422,27,"bhishma"
156424,9,"schaumburg"
156425,11,"273"
156429,9,"messed up"
156430,28,"lookup"
156431,7,"13 february"
156432,8,"0.05"
156439,44,"dialer"
156440,10,"office 365"
156442,6,"stat"
156443,8,"westy"
156444,35,"sep"
156447,8,"bryon"
156448,8,"the callback"
156462,8,"954"
156463,8,"867"
156464,8,"6800"
156465,21,"sabath"
156466,20,"andrew goldberg"
156467,19,"jason edwards"
156468,19,"kicked out"
156475,90,"mcdonald"
156499,46,"reierson"
156547,14,"utm source"
156548,8,"utm medium"
156549,7,"utm campaign"
156550,7,"utm content"
156551,7,"utm term"
156577,6,"timeouts"
156578,9,"bsc"
156579,18,"uwo"
156585,9,"nanpa"
156586,6,"august 23"
156594,6,"rtd"
156607,20,"synch"
156611,6,"tcp connection"
156622,14,"dob"
156630,7,"referrer"
156633,31,"hii"
156640,7,"september 13"
156700,6,"o'hair"
156727,7,"hovering"
156730,22,"westbrook"
156765,8,"fomo"
156811,6,"hyman"
156830,27,"dec"
156833,8,"ssn"
157177,7,"dkim"
157228,8,"welcom"
157335,6,"ambari"
157344,6,"newrelic"
157629,9,"april 2nd"
158262,55,"database"
158295,24,"fwd"
158299,6,"246"
158334,436,"Bryan Starbuck"
158462,33,"entered"
158471,6,"lte"
158544,8,"svc"
158779,10,"encryption"
158780,18,"firewall"
158792,484,"starbuck"
158793,26,"roshan"
158794,8,"axosoft"
